create database if not exists Salary;
use Salary;

drop table Salary;
create table if not exists Salary(
	Salary_ID varchar(100) primary key,
    Employee_ID varchar(100) not null,
    Job_ID varchar(100) not null,
    Amount int not null,
    Annual int not null,
    Bonus int default 0
);

create table if not exists Job_Dept(
    Job_ID varchar(100) primary key,
    Job_dept varchar(100) not null,
    Job_desc varchar(500),
    Salary_range ENUM('Low', 'Medium', 'High', 'Very High') NOT NULL
);

create table if not exists Employee(
    Employee_ID varchar(100) primary key,
    Fname varchar(200), 
	Lname varchar(200),
    Gender ENUM('Male', 'Female', 'Other'),
    Date_of_Birth DATE,
    Address varchar(1000),
    Email varchar(100)
);

create table if not exists Leaving(
    Leave_ID varchar(100) primary key,
    Employee_ID varchar(200) not null, 
	Date_of_Leave date,
    Reason varchar(300)
);

create table if not exists Payroll(
    Payroll_ID varchar(100) primary key,
	Employee_ID varchar(200) not null, 
	Job_ID varchar(100) not null,
    Salary_ID varchar(100) not null,
    Leave_ID varchar(100) not null,
    Date_of_Payroll date,
    Total_Amt decimal
);

-- Insert data in Employee table
insert into Employee(Employee_ID, Fname, Lname, Gender, Date_of_Birth, Address, Email)
values
	(101, 'John', 'Wilson', 'Male', '1993-03-15', '122 Main St, City', 'john.wilson@email.com'),
	(102, 'Mary', 'Martin', 'Female', '1992-09-12', '356 Elm St, Town', 'mary.martin92@email.com'),
	(103, 'Michael', 'Short', 'Male', '1990-07-12', '569 Oak Rd, Village', 'michael.short@email.com'),
	(104, 'Sarah', 'Johnson', 'Female', '1988-07-02', '311 Pine Ave, City', 'sarah.johnson@email.com'),
	(105, 'Dean', 'Lee', 'Male', '1995-02-21', '212 Birch Ln, Town', 'dean.lee@email.com'),
	(106, 'David', 'Kim', 'Male', '1987-10-20', '527 Cedar Dr, City', 'david.kim@email.com'),
	(107, 'Kim', 'Anderson', 'Female', '1992-12-19', '860 Spruce Rd, Town', 'kim.anderson@email.com'),
	(108, 'Laura', 'Davis', 'Female', '1994-11-03', '121 Oak St, Village', 'laura.davis@email.com'),
	(109, 'Mary', 'Martin', 'Female', '1986-03-02', '363 Maple Ave, City', 'mary.martin2@email.com'),
	(110, 'Emily', 'Broad', 'Female', '1991-02-19', '448 Pine Rd, Village', 'emily.broad@email.com'),
    (111, 'James', 'Brown', 'Male', '1989-06-17', '789 Oak Ave, Village', 'james.brown@email.com'),
	(112, 'Emma', 'Wilson', 'Female', '1996-04-25', '654 Pine Rd, Town', 'emma.wilson@email.com'),
	(113, 'Daniel', 'Johnson', 'Male', '1990-03-12', '567 Birch St, City', 'daniel.johnson@email.com'),
	(114, 'Olivia', 'Smith', 'Female', '1987-09-28', '432 Elm Ln, Town', 'olivia.smith@email.com'),
	(115, 'Matthew', 'Davis', 'Male', '1988-12-30', '987 Cedar Rd, City', 'matthew.davis@email.com'),
	(116, 'Ava', 'Jones', 'Female', '1993-01-10', '321 Oak Rd, Village', 'ava.jones@email.com'),
	(117, 'William', 'Martin', 'Male', '1991-07-04', '765 Maple Ave, City', 'william.martin@email.com'),
	(118, 'Sophia', 'Allen', 'Female', '1995-10-15', '543 Pine St, Town', 'sophia.allen@email.com'),
	(119, 'Michael', 'Brown', 'Male', '1986-05-22', '234 Cedar Ave, Village', 'michael.brown@email.com'),
	(120, 'Mia', 'Harris', 'Female', '1990-08-02', '678 Elm Rd, City', 'mia.harris@email.com'),
	(121, 'David', 'Thompson', 'Male', '1985-11-12', '345 Oak Ave, Village', 'david.thompson@email.com'),
	(122, 'Olivia', 'Taylor', 'Female', '1992-02-24', '123 Maple Rd, City', 'olivia.taylor@email.com'),
	(123, 'James', 'Harris', 'Male', '1988-07-05', '876 Pine Ave, City', 'james.harris@email.com'),
	(124, 'Emily', 'Roberts', 'Female', '1996-06-19', '432 Elm Ave, Town', 'emily.roberts@email.com'),
	(125, 'Benjamin', 'Smith', 'Male', '1993-03-29', '987 Birch Ln, Village', 'benjamin.smith@email.com'),
	(126, 'Ava', 'Anderson', 'Female', '1990-09-08', '765 Cedar St, Town', 'ava.anderson@email.com'),
	(127, 'William', 'Hall', 'Male', '1987-04-14', '654 Oak Ave, City', 'william.hall@email.com'),
	(128, 'Sophia', 'Evans', 'Female', '1989-10-27', '543 Pine Ln, Village', 'sophia.evans@email.com'),
	(129, 'Matthew', 'Garcia', 'Male', '1995-08-03', '234 Elm Rd, City', 'matthew.garcia@email.com'),
	(130, 'Mia', 'Davis', 'Female', '1991-01-18', '876 Cedar Ave, Town', 'mia.davis@email.com'),
	(131, 'Liam', 'Smith', 'Male', '1986-12-21', '123 Maple St, City', 'liam.smith@email.com'),
	(132, 'Ava', 'Hernandez', 'Female', '1992-07-14', '432 Elm Rd, Village', 'ava.hernandez@email.com'),
	(133, 'Lucas', 'Jones', 'Male', '1988-04-28', '654 Pine Ave, City', 'lucas.jones@email.com'),
	(134, 'Emma', 'Robinson', 'Female', '1989-02-13', '345 Birch Rd, Town', 'emma.robinson@email.com'),
	(135, 'Oliver', 'Smith', 'Male', '1993-05-08', '543 Oak Ln, Village', 'oliver.smith@email.com'),
	(136, 'Charlotte', 'Garcia', 'Female', '1990-03-07', '876 Elm St, City', 'charlotte.garcia@email.com'),
	(137, 'Liam', 'Hall', 'Male', '1995-09-29', '123 Cedar Rd, Town', 'liam.hall@email.com'),
	(138, 'Aria', 'Taylor', 'Female', '1991-10-12', '234 Pine Ave, Village', 'aria.taylor@email.com'),
	(139, 'Ethan', 'Smith', 'Male', '1987-08-17', '987 Oak St, City', 'ethan.smith@email.com'),
	(140, 'Amelia', 'Lopez', 'Female', '1992-06-11', '765 Elm Rd, Town', 'amelia.lopez@email.com'),
	(141, 'Logan', 'Johnson', 'Male', '1993-04-25', '432 Oak St, Village', 'logan.johnson@email.com'),
	(142, 'Olivia', 'Brown', 'Female', '1989-11-28', '876 Cedar Ave, City', 'olivia.brown@email.com'),
	(143, 'Noah', 'Roberts', 'Male', '1986-03-04', '654 Pine St, Town', 'noah.roberts@email.com'),
	(144, 'Emma', 'Hernandez', 'Female', '1990-12-30', '345 Elm Ln, Village', 'emma.hernandez@email.com'),
	(145, 'Mason', 'Martin', 'Male', '1991-05-15', '234 Cedar Rd, City', 'mason.martin@email.com'),
	(146, 'Ava', 'Smith', 'Female', '1987-07-02', '543 Oak Ave, Town', 'ava.smith@email.com'),
	(147, 'Elijah', 'Smith', 'Male', '1989-02-19', '123 Elm St, City', 'elijah.smith@email.com'),
	(148, 'Olivia', 'Garcia', 'Female', '1992-09-22', '765 Pine Rd, Village', 'olivia.garcia@email.com'),
	(149, 'Harper', 'Anderson', 'Male', '1993-06-17', '432 Cedar Ln, City', 'harper.anderson@email.com'),
	(150, 'Sophia', 'Johnson', 'Female', '1990-08-14', '876 Oak Ave, Town', 'sophia.johnson@email.com'),
	(151, 'David', 'Johnson', 'Male', '1992-06-30', '789 Maple Ln, City', 'david.johnson@email.com'),
	(152, 'Jessica', 'Wong', 'Female', '1989-04-25', '456 Birch Dr, Town', 'jessica.wong@email.com'),
	(153, 'Kevin', 'Anderson', 'Male', '1986-12-14', '567 Oak St, Village', 'kevin.anderson@email.com'),
	(154, 'Rachel', 'Taylor', 'Female', '1995-03-18', '789 Pine Rd, City', 'rachel.taylor@email.com'),
	(155, 'Tom', 'Brown', 'Male', '1987-07-12', '123 Elm Ave, Town', 'tom.brown@email.com'),
	(156, 'Olivia', 'Clark', 'Female', '1991-01-05', '456 Cedar Rd, Village', 'olivia.clark@email.com'),
	(157, 'Ethan', 'Hall', 'Male', '1984-09-21', '789 Spruce Dr, City', 'ethan.hall@email.com'),
	(158, 'Sophia', 'Moore', 'Female', '1993-08-10', '123 Oak St, Town', 'sophia.moore@email.com'),
	(159, 'Jason', 'Parker', 'Male', '1990-11-27', '456 Pine Ave, Village', 'jason.parker@email.com'),
	(160, 'Ava', 'King', 'Female', '1988-02-15', '789 Elm Rd, City', 'ava.king@email.com'),
	(161, 'William', 'Harris', 'Male', '1992-04-03', '123 Cedar St, Town', 'william.harris@email.com'),
	(162, 'Emma', 'Garcia', 'Female', '1986-12-08', '456 Birch Rd, Village', 'emma.garcia@email.com'),
	(163, 'Jacob', 'Evans', 'Male', '1995-06-12', '789 Oak Dr, City', 'jacob.evans@email.com'),
	(164, 'Mia', 'Lopez', 'Female', '1989-10-01', '123 Elm Ln, Town', 'mia.lopez@email.com'),
	(165, 'Michael', 'Lewis', 'Male', '1987-02-28', '456 Maple Ave, Village', 'michael.lewis@email.com'),
	(166, 'Abigail', 'Murphy', 'Female', '1991-07-07', '789 Cedar Rd, City', 'abigail.murphy@email.com'),
	(167, 'Alexander', 'Foster', 'Male', '1984-05-16', '123 Pine St, Town', 'alexander.foster@email.com'),
	(168, 'Sophia', 'Butler', 'Female', '1988-09-29', '456 Spruce Dr, Village', 'sophia.butler@email.com'),
	(169, 'James', 'Bennett', 'Male', '1990-11-10', '789 Oak Ave, City', 'james.bennett@email.com'),
	(170, 'Emily', 'Price', 'Female', '1993-01-25', '123 Elm Rd, Town', 'emily.price@email.com'),
	(171, 'Benjamin', 'Gray', 'Male', '1992-03-06', '456 Birch Ln, Village', 'benjamin.gray@email.com'),
	(172, 'Olivia', 'Cooper', 'Female', '1986-06-18', '789 Pine Dr, City', 'olivia.cooper@email.com'),
	(173, 'Daniel', 'Cox', 'Male', '1987-08-03', '123 Cedar Ave, Town', 'daniel.cox@email.com'),
	(174, 'Chloe', 'Russell', 'Female', '1994-12-27', '456 Oak Rd, Village', 'chloe.russell@email.com'),
	(175, 'William', 'Stewart', 'Male', '1995-09-21', '789 Elm St, City', 'william.stewart@email.com'),
	(176, 'Lily', 'Reed', 'Female', '1989-02-12', '123 Spruce Ln, Town', 'lily.reed@email.com'),
	(177, 'Matthew', 'Miller', 'Male', '1991-04-14', '456 Pine Dr, Village', 'matthew.miller@email.com'),
	(178, 'Ava', 'Gonzalez', 'Female', '1984-07-07', '789 Cedar Ave, City', 'ava.gonzalez@email.com'),
	(179, 'Henry', 'Hernandez', 'Male', '1993-10-15', '123 Elm Rd, Town', 'henry.hernandez@email.com'),
	(180, 'Charlotte', 'Young', 'Female', '1990-06-30', '456 Maple Rd, Village', 'charlotte.young@email.com'),
	(181, 'Joseph', 'Hall', 'Male', '1988-08-22', '789 Pine Ln, City', 'joseph.hall@email.com'),
	(182, 'Sophia', 'Baker', 'Female', '1986-05-14', '123 Cedar Dr, Town', 'sophia.baker@email.com'),
	(183, 'Samuel', 'Turner', 'Male', '1994-12-03', '456 Oak Ave, Village', 'samuel.turner@email.com'),
	(184, 'Avery', 'Scott', 'Female', '1992-03-25', '789 Elm Ln, City', 'avery.scott@email.com'),
	(185, 'Jackson', 'Clark', 'Male', '1985-09-08', '123 Spruce Ave, Town', 'jackson.clark@email.com'),
	(186, 'Mia', 'White', 'Female', '1991-07-29', '456 Pine Rd, Village', 'mia.white@email.com'),
	(187, 'Henry', 'Adams', 'Male', '1987-01-31', '789 Cedar Dr, City', 'henry.adams@email.com'),
	(188, 'Ella', 'Hill', 'Female', '1988-02-25', '123 Elm Ave, Town', 'ella.hill@email.com'),
	(189, 'Gabriel', 'Campbell', 'Male', '1993-05-17', '456 Maple Ln, Village', 'gabriel.campbell@email.com'),
	(190, 'Sofia', 'Mitchell', 'Female', '1990-06-02', '789 Pine Ave, City', 'sofia.mitchell@email.com'),
    (191, 'Robert', 'Anderson', 'Male', '1991-04-08', '789 Cedar Ave, City', 'robert.anderson@email.com'),
    (192, 'Isabella', 'Turner', 'Female', '1988-09-14', '123 Elm St, Town', 'isabella.turner@email.com'),
    (193, 'Matthew', 'Bennett', 'Male', '1987-02-18', '456 Birch Rd, Village', 'matthew.bennett@email.com'),
    (194, 'Olivia', 'Garcia', 'Female', '1993-05-20', '789 Oak Ln, City', 'olivia.garcia@email.com'),
    (195, 'Daniel', 'Price', 'Male', '1985-11-25', '123 Pine Dr, Town', 'daniel.price@email.com'),
    (196, 'Ava', 'Hill', 'Female', '1989-06-02', '456 Oak Rd, Village', 'ava.hill@email.com'),
    (197, 'Joseph', 'Harris', 'Male', '1990-03-17', '789 Elm St, City', 'joseph.harris@email.com'),
    (198, 'Emily', 'Smith', 'Female', '1986-07-29', '123 Spruce Ln, Town', 'emily.smith@email.com'),
    (199, 'Alexander', 'Clark', 'Male', '1992-10-11', '456 Cedar Ave, Village', 'alexander.clark@email.com'),
    (200, 'Mia', 'Turner', 'Female', '1987-12-08', '789 Oak Rd, City', 'mia.turner@email.com');

-- Insert data in Job_Dept table
insert into Job_Dept (Job_ID, Job_dept, Job_desc, Salary_range)
values
    ('JD001', 'Human Resources', 'HR Manager', 'High'),
    ('JD002', 'Finance', 'Financial Analyst', 'Medium'),
    ('JD003', 'Information Technology', 'IT Specialist', 'High'),
    ('JD004', 'Sales', 'Sales Manager', 'High'),
    ('JD005', 'Marketing', 'Marketing Coordinator', 'Medium'),
    ('JD006', 'Customer Service', 'Customer Support Specialist', 'Low'),
    ('JD007', 'Operations', 'Operations Manager', 'High'),
    ('JD008', 'Research and Development', 'Research Scientist', 'Very High'),
    ('JD009', 'Quality Assurance', 'QA Specialist', 'Medium'),
    ('JD010', 'Legal', 'Legal Counsel', 'Very High'),
    ('JD011', 'Administration', 'Admin Assistant', 'Low'),
    ('JD012', 'Facilities and Maintenance', 'Maintenance Technician', 'Medium'),
    ('JD013', 'Supply Chain and Logistics', 'Logistics Coordinator', 'Medium'),
    ('JD014', 'Public Relations', 'PR Specialist', 'Medium'),
    ('JD015', 'Strategic Planning', 'Strategic Planner', 'High'),
    ('JD016', 'Project Management', 'Project Manager', 'High'),
    ('JD017', 'Procurement and Purchasing', 'Procurement Specialist', 'Medium'),
    ('JD018', 'Health and Safety', 'Safety Officer', 'Low'),
    ('JD019', 'Training and Development', 'Training Coordinator', 'Medium'),
    ('JD020', 'Environmental and Sustainability', 'Sustainability Specialist', 'High');

-- Insert values in Leaving table
insert into Leaving (Leave_ID, Employee_ID, Date_of_Leave, Reason)
value
	(1001, 117, '2024-06-10', 'Vacation'),
    (1002, 118, '2024-06-25', 'Sick Leave'),
    (1003, 119, '2024-07-05', 'Personal Leave'),
    (1004, 120, '2024-07-20', 'Personal Leave'),
    (1005, 121, '2024-08-10', 'Vacation'),
    (1006, 123, '2024-08-25', 'Sick Leave'),
    (1007, 128, '2024-09-05', 'Vacation'),
    (1008, 126, '2024-09-20', 'Sick Leave'),
    (1009, 124, '2024-10-10', 'Vacation'),
    (1010, 122, '2024-10-25', 'Sick Leave'),
    (1011, 121, '2024-11-05', 'Personal Leave'),
    (1012, 128, '2024-11-20', 'Personal Leave'),
    (1013, 121, '2024-12-10', 'Vacation'),
    (1014, 132, '2024-12-25', 'Sick Leave'),
    (1015, 134, '2025-01-05', 'Vacation'),
    (1016, 136, '2025-01-20', 'Personal Leave'),
    (1017, 130, '2025-02-10', 'Vacation'),
    (1018, 135, '2025-02-25', 'Sick Leave'),
    (1019, 133, '2025-03-05', 'Sick Leave'),
    (1020, 139, '2025-03-20', 'Personal Leave'),
    (1021, 138, '2025-04-10', 'Vacation'),
    (1022, 132, '2025-04-25', 'Sick Leave'),
    (1023, 134, '2025-05-05', 'Vacation'),
    (1024, 141, '2025-05-20', 'Personal Leave'),
    (1025, 143, '2025-06-10', 'Vacation'),
    (1026, 146, '2025-06-25', 'Sick Leave'),
    (1027, 141, '2025-07-05', 'Personal Leave'),
    (1028, 143, '2025-07-20', 'Personal Leave'),
    (1029, 145, '2025-08-10', 'Vacation'),
    (1030, 142, '2025-08-25', 'Sick Leave'),
    (1031, 141, '2025-09-05', 'Vacation'),
    (1032, 149, '2025-09-20', 'Sick Leave'),
    (1033, 146, '2025-10-10', 'Vacation'),
    (1034, 157, '2025-10-25', 'Sick Leave'),
    (1035, 153, '2025-11-05', 'Sick Leave'),
    (1036, 152, '2025-11-20', 'Personal Leave'),
    (1037, 151, '2025-12-10', 'Vacation'),
    (1038, 158, '2025-12-25', 'Sick Leave'),
    (1039, 155, '2026-01-05', 'Vacation'),
    (1040, 152, '2026-01-20', 'Personal Leave'),
    (1041, 155, '2026-02-10', 'Vacation'),
    (1042, 152, '2026-02-25', 'Sick Leave'),
    (1043, 159, '2026-03-05', 'Personal Leave'),
    (1044, 160, '2026-03-20', 'Personal Leave'),
    (1045, 160, '2026-04-10', 'Vacation'),
    (1046, 161, '2026-04-25', 'Sick Leave'),
    (1047, 163, '2026-05-05', 'Vacation'),
    (1048, 162, '2026-05-20', 'Personal Leave'),
    (1049, 165, '2026-06-10', 'Vacation'),
    (1050, 126, '2026-06-25', 'Sick Leave'),
    (1051, 161, '2026-07-05', 'Sick Leave'),
    (1052, 160, '2026-07-20', 'Personal Leave'),
    (1053, 169, '2026-08-10', 'Vacation'),
    (1054, 170, '2026-08-25', 'Sick Leave'),
    (1055, 171, '2026-09-05', 'Vacation'),
    (1056, 174, '2026-09-20', 'Sick Leave'),
    (1057, 172, '2026-10-10', 'Vacation'),
    (1058, 170, '2026-10-25', 'Sick Leave'),
    (1059, 175, '2026-11-05', 'Sick Leave'),
    (1060, 101, '2026-11-20', 'Personal Leave'),
    (1061, 100, '2026-12-10', 'Vacation'),
    (1062, 178, '2026-12-25', 'Sick Leave'),
    (1063, 200, '2027-01-05', 'Vacation'),
    (1064, 150, '2027-01-20', 'Sick Leave'),
    (1065, 151, '2027-02-10', 'Vacation'),
    (1066, 181, '2027-02-25', 'Sick Leave'),
    (1067, 185, '2027-03-05', 'Personal Leave'),
    (1068, 184, '2027-03-20', 'Personal Leave'),
    (1069, 182, '2027-04-10', 'Vacation'),
    (1070, 186, '2027-04-25', 'Sick Leave'),
    (1071, 183, '2027-05-05', 'Vacation'),
    (1072, 180, '2027-05-20', 'Sick Leave'),
    (1073, 180, '2027-06-10', 'Vacation'),
    (1074, 150, '2027-06-25', 'Sick Leave'),
    (1075, 111, '2027-07-05', 'Sick Leave'),
    (1076, 122, '2027-07-20', 'Personal Leave'),
    (1077, 192, '2027-08-10', 'Vacation'),
    (1078, 194, '2027-08-25', 'Sick Leave'),
    (1079, 115, '2027-09-05', 'Vacation'),
    (1080, 196, '2027-09-20', 'Personal Leave'),
    (1081, 137, '2027-10-10', 'Vacation'),
    (1082, 148, '2027-10-25', 'Sick Leave'),
    (1083, 129, '2027-11-05', 'Personal Leave'),
    (1084, 200, '2027-11-20', 'Personal Leave');
    
-- Insert values in salary table
insert into Salary (Salary_ID, Employee_ID, Job_ID, Amount, Annual, Bonus)
values
	(10001, 101, 'JD001', 55000, 660000, 1000),
    (10002, 102, 'JD003', 52000, 624000, 1900),
    (10003, 103, 'JD002', 53000, 692000, 9100),
    (10004, 104, 'JD007', 56000, 610000, 900),
    (10005, 105, 'JD005', 60000, 720000, 8100),
    (10006, 106, 'JD001', 55000, 660000, 1600),
    (10007, 107, 'JD008', 58000, 696000, 0),
    (10008, 108, 'JD002', 53000, 636000, 1400),
    (10009, 109, 'JD009', 59000, 708000, 1700),
    (10010, 110, 'JD003', 52000, 624000, 0),
    (10011, 111, 'JD005', 60000, 720000, 0),
    (10012, 112, 'JD004', 54000, 648000, 0),
    (10013, 113, 'JD007', 56000, 672000, 800),
    (10014, 114, 'JD006', 57000, 684000, 2300),
    (10015, 115, 'JD010', 61000, 732000, 0),
    (10016, 116, 'JD013', 64000, 768000, 1900),
    (10017, 117, 'JD015', 66000, 792000, 0),
    (10018, 118, 'JD016', 67000, 804000, 0),
    (10019, 119, 'JD017', 68000, 816000, 0),
    (10020, 120, 'JD018', 69000, 828000, 1800),
    (10021, 121, 'JD019', 70000, 840000, 0),
    (10022, 122, 'JD020', 71000, 852000, 3400),
    (10023, 123, 'JD014', 65000, 780000, 0),
    (10024, 124, 'JD006', 57000, 684000, 8000),
    (10025, 125, 'JD004', 54000, 648000, 1000),
    (10026, 126, 'JD009', 59000, 708000, 1700),
	(10027, 127, 'JD010', 61000, 732000, 800),
	(10028, 128, 'JD011', 62000, 744000, 1100),
	(10029, 129, 'JD012', 63000, 756000, 1200),
	(10030, 130, 'JD013', 64000, 768000, 1000),
	(10031, 131, 'JD014', 65000, 780000, 1100),
	(10032, 132, 'JD015', 66000, 792000, 2000),
	(10033, 133, 'JD016', 67000, 804000, 2300),
	(10034, 134, 'JD017', 68000, 816000, 2500),
	(10035, 135, 'JD018', 69000, 828000, 2700),
	(10036, 136, 'JD019', 70000, 840000, 2900),
	(10037, 137, 'JD020', 71000, 852000, 3100),
	(10038, 138, 'JD001', 55000, 660000, 3300),
	(10039, 139, 'JD012', 53000, 636000, 3500),
	(10040, 140, 'JD003', 52000, 624000, 3700),
	(10041, 141, 'JD004', 54000, 648000, 3900),
	(10042, 142, 'JD005', 60000, 720000, 4100),
	(10043, 143, 'JD006', 57000, 684000, 4300),
	(10044, 144, 'JD017', 56000, 672000, 4500),
	(10045, 145, 'JD008', 58000, 696000, 4700),
	(10046, 146, 'JD009', 59000, 708000, 4900),
	(10047, 147, 'JD011', 61000, 732000, 5100),
	(10048, 148, 'JD011', 62000, 744000, 5300),
	(10049, 149, 'JD012', 63000, 756000, 5500),
	(10050, 150, 'JD011', 64000, 768000, 5700),
	(10051, 151, 'JD014', 65000, 780000, 5900),
	(10052, 152, 'JD015', 66000, 792000, 6100),
	(10053, 153, 'JD011', 67000, 804000, 6300),
	(10054, 154, 'JD017', 68000, 816000, 6500),
	(10055, 155, 'JD018', 69000, 828000, 6700),
	(10056, 156, 'JD019', 70000, 840000, 6900),
	(10057, 157, 'JD020', 71000, 852000, 7100),
	(10058, 158, 'JD001', 55000, 660000, 7300),
	(10059, 159, 'JD002', 53000, 636000, 7500),
	(10060, 160, 'JD003', 52000, 624000, 7700),
	(10061, 161, 'JD004', 54000, 648000, 7900),
	(10062, 162, 'JD005', 60000, 720000, 8100),
	(10063, 163, 'JD006', 57000, 684000, 8300),
	(10064, 164, 'JD007', 56000, 672000, 8500),
	(10065, 165, 'JD008', 58000, 696000, 8700),
	(10066, 166, 'JD009', 59000, 708000, 8900),
	(10067, 167, 'JD010', 61000, 732000, 9100),
	(10068, 168, 'JD011', 62000, 744000, 9300),
	(10069, 169, 'JD012', 63000, 756000, 9500),
	(10070, 170, 'JD013', 64000, 768000, 9700),
	(10071, 171, 'JD014', 65000, 780000, 9900),
	(10072, 172, 'JD015', 66000, 792000, 1100),
	(10073, 173, 'JD016', 67000, 804000, 1000),
	(10074, 174, 'JD017', 68000, 816000, 1000),
	(10075, 175, 'JD018', 69000, 828000, 1000),
    (10076, 176, 'JD019', 38100, 10000, 910),
	(10077, 177, 'JD020', 71000, 852000, 1100),
	(10078, 178, 'JD001', 55000, 660000, 1100),
	(10079, 179, 'JD002', 53000, 636000, 1500),
	(10080, 180, 'JD003', 52000, 624000, 1700),
	(10081, 181, 'JD004', 54000, 648000, 1100),
	(10082, 182, 'JD005', 60000, 720000, 1100),
	(10083, 183, 'JD006', 57000, 684000, 1300),
	(10084, 184, 'JD007', 56000, 672000, 1500),
	(10085, 185, 'JD008', 58000, 696000, 1700),
	(10086, 186, 'JD009', 59000, 708000, 2900),
	(10087, 187, 'JD010', 61000, 732000, 1100),
	(10088, 188, 'JD011', 62000, 744000, 3300),
	(10089, 189, 'JD012', 63000, 756000, 3500),
	(10090, 190, 'JD013', 64000, 768000, 3700),
	(10091, 191, 'JD014', 65000, 780000, 1900),
	(10092, 192, 'JD015', 66000, 792000, 1100),
	(10093, 193, 'JD016', 67000, 804000, 4300),
	(10094, 194, 'JD017', 68000, 816000, 4500),
	(10095, 195, 'JD018', 69000, 828000, 4700),
	(10096, 196, 'JD019', 70000, 840000, 14900),
	(10097, 197, 'JD020', 71000, 852000, 15100),
	(10098, 198, 'JD001', 55000, 660000, 15300),
	(10099, 199, 'JD002', 53000, 636000, 15500),
	(10100, 200, 'JD003', 52000, 624000, 15700);

